"case","quantity","i","value"
"meta","survival_major",1,3
"meta","survival_minor",1,8
"meta","survival_patch",1,6
"ties_and_censoring","km_time",1,1
"ties_and_censoring","km_time",2,2
"ties_and_censoring","km_time",3,3
"ties_and_censoring","km_time",4,4
"ties_and_censoring","km_time",5,5
"ties_and_censoring","km_time",6,7
"ties_and_censoring","km_surv",1,0.9
"ties_and_censoring","km_surv",2,0.8
"ties_and_censoring","km_surv",3,0.685714285714286
"ties_and_censoring","km_surv",4,0.571428571428571
"ties_and_censoring","km_surv",5,0.428571428571429
"ties_and_censoring","km_surv",6,0.214285714285714
"ties_and_censoring","km_lower",1,0.473009271362051
"ties_and_censoring","km_lower",2,0.408690781633404
"ties_and_censoring","km_lower",3,0.304585074201847
"ties_and_censoring","km_lower",4,0.217192702382284
"ties_and_censoring","km_lower",5,0.114041777655778
"ties_and_censoring","km_lower",6,0.0129166011569093
"ties_and_censoring","km_upper",1,0.985281393367343
"ties_and_censoring","km_upper",2,0.945872645838912
"ties_and_censoring","km_upper",3,0.887148495027707
"ties_and_censoring","km_upper",4,0.814572137920779
"ties_and_censoring","km_upper",5,0.718453424876359
"ties_and_censoring","km_upper",6,0.579490711249861
"ties_and_censoring","na_cumhaz",1,0.1
"ties_and_censoring","na_cumhaz",2,0.211111111111111
"ties_and_censoring","na_cumhaz",3,0.353968253968254
"ties_and_censoring","na_cumhaz",4,0.520634920634921
"ties_and_censoring","na_cumhaz",5,0.770634920634921
"ties_and_censoring","na_cumhaz",6,1.27063492063492
"ties_and_censoring","na_std",1,0.1
"ties_and_censoring","na_std",2,0.149484711634152
"ties_and_censoring","na_std",3,0.206770022676528
"ties_and_censoring","na_std",4,0.265577898281144
"ties_and_censoring","na_std",5,0.364734999767543
"ties_and_censoring","na_std",6,0.618895483951393
"ties_and_censoring","quantile_p",1,0.25
"ties_and_censoring","quantile_p",2,0.5
"ties_and_censoring","quantile_p",3,0.75
"ties_and_censoring","quantile",1,3
"ties_and_censoring","quantile",2,5
"ties_and_censoring","quantile",3,7
"ties_and_censoring","quantile_lower",1,1
"ties_and_censoring","quantile_lower",2,1
"ties_and_censoring","quantile_lower",3,4
"ties_and_censoring","quantile_upper",1,5
"ties_and_censoring","quantile_upper",2,NA
"ties_and_censoring","quantile_upper",3,NA
"ties_and_censoring","rmean",1,5.02857142857143
"ties_and_censoring","rmean_se",1,0.80867787934161
"flat_at_every_quartile","km_time",1,10
"flat_at_every_quartile","km_time",2,20
"flat_at_every_quartile","km_time",3,30
"flat_at_every_quartile","km_time",4,40
"flat_at_every_quartile","km_surv",1,0.75
"flat_at_every_quartile","km_surv",2,0.5
"flat_at_every_quartile","km_surv",3,0.25
"flat_at_every_quartile","km_surv",4,0
"flat_at_every_quartile","km_lower",1,0.127946917595146
"flat_at_every_quartile","km_lower",2,0.0578470829951446
"flat_at_every_quartile","km_lower",3,0.00894782441660317
"flat_at_every_quartile","km_lower",4,NA
"flat_at_every_quartile","km_upper",1,0.960548642285078
"flat_at_every_quartile","km_upper",2,0.844861281190374
"flat_at_every_quartile","km_upper",3,0.665325342788865
"flat_at_every_quartile","km_upper",4,NA
"flat_at_every_quartile","na_cumhaz",1,0.25
"flat_at_every_quartile","na_cumhaz",2,0.583333333333333
"flat_at_every_quartile","na_cumhaz",3,1.08333333333333
"flat_at_every_quartile","na_cumhaz",4,2.08333333333333
"flat_at_every_quartile","na_std",1,0.25
"flat_at_every_quartile","na_std",2,0.416666666666667
"flat_at_every_quartile","na_std",3,0.650854139658888
"flat_at_every_quartile","na_std",4,1.19315175527303
"flat_at_every_quartile","quantile_p",1,0.25
"flat_at_every_quartile","quantile_p",2,0.5
"flat_at_every_quartile","quantile_p",3,0.75
"flat_at_every_quartile","quantile",1,15
"flat_at_every_quartile","quantile",2,25
"flat_at_every_quartile","quantile",3,35
"flat_at_every_quartile","quantile_lower",1,10
"flat_at_every_quartile","quantile_lower",2,10
"flat_at_every_quartile","quantile_lower",3,10
"flat_at_every_quartile","quantile_upper",1,30
"flat_at_every_quartile","quantile_upper",2,NA
"flat_at_every_quartile","quantile_upper",3,NA
"flat_at_every_quartile","rmean",1,25
"flat_at_every_quartile","rmean_se",1,5.59016994374947
"flat_to_censored_end","km_time",1,10
"flat_to_censored_end","km_time",2,20
"flat_to_censored_end","km_surv",1,0.75
"flat_to_censored_end","km_surv",2,0.5
"flat_to_censored_end","km_lower",1,0.127946917595146
"flat_to_censored_end","km_lower",2,0.0578470829951446
"flat_to_censored_end","km_upper",1,0.960548642285078
"flat_to_censored_end","km_upper",2,0.844861281190374
"flat_to_censored_end","na_cumhaz",1,0.25
"flat_to_censored_end","na_cumhaz",2,0.583333333333333
"flat_to_censored_end","na_std",1,0.25
"flat_to_censored_end","na_std",2,0.416666666666667
"flat_to_censored_end","quantile_p",1,0.25
"flat_to_censored_end","quantile_p",2,0.5
"flat_to_censored_end","quantile_p",3,0.75
"flat_to_censored_end","quantile",1,15
"flat_to_censored_end","quantile",2,30
"flat_to_censored_end","quantile",3,NA
"flat_to_censored_end","quantile_lower",1,10
"flat_to_censored_end","quantile_lower",2,10
"flat_to_censored_end","quantile_lower",3,10
"flat_to_censored_end","quantile_upper",1,NA
"flat_to_censored_end","quantile_upper",2,NA
"flat_to_censored_end","quantile_upper",3,NA
"flat_to_censored_end","rmean",1,27.5
"flat_to_censored_end","rmean_se",1,6.49519052838329
"censoring_inside_flat","km_time",1,1
"censoring_inside_flat","km_time",2,2
"censoring_inside_flat","km_time",3,3
"censoring_inside_flat","km_time",4,5
"censoring_inside_flat","km_time",5,6
"censoring_inside_flat","km_surv",1,0.833333333333333
"censoring_inside_flat","km_surv",2,0.666666666666667
"censoring_inside_flat","km_surv",3,0.5
"censoring_inside_flat","km_surv",4,0.25
"censoring_inside_flat","km_surv",5,0
"censoring_inside_flat","km_lower",1,0.273122849928356
"censoring_inside_flat","km_lower",2,0.194616636806235
"censoring_inside_flat","km_lower",3,0.110948260351438
"censoring_inside_flat","km_lower",4,0.0123095164750105
"censoring_inside_flat","km_lower",5,NA
"censoring_inside_flat","km_upper",1,0.974712426690894
"censoring_inside_flat","km_upper",2,0.904434164322516
"censoring_inside_flat","km_upper",3,0.803709236850057
"censoring_inside_flat","km_upper",4,0.645948537398101
"censoring_inside_flat","km_upper",5,NA
"censoring_inside_flat","na_cumhaz",1,0.166666666666667
"censoring_inside_flat","na_cumhaz",2,0.366666666666667
"censoring_inside_flat","na_cumhaz",3,0.616666666666667
"censoring_inside_flat","na_cumhaz",4,1.11666666666667
"censoring_inside_flat","na_cumhaz",5,2.11666666666667
"censoring_inside_flat","na_std",1,0.166666666666667
"censoring_inside_flat","na_std",2,0.260341655863555
"censoring_inside_flat","na_std",3,0.360940130461795
"censoring_inside_flat","na_std",4,0.616666666666667
"censoring_inside_flat","na_std",5,1.17485223657181
"censoring_inside_flat","quantile_p",1,0.25
"censoring_inside_flat","quantile_p",2,0.5
"censoring_inside_flat","quantile_p",3,0.75
"censoring_inside_flat","quantile",1,2
"censoring_inside_flat","quantile",2,4
"censoring_inside_flat","quantile",3,5.5
"censoring_inside_flat","quantile_lower",1,1
"censoring_inside_flat","quantile_lower",2,1
"censoring_inside_flat","quantile_lower",3,2
"censoring_inside_flat","quantile_upper",1,5
"censoring_inside_flat","quantile_upper",2,NA
"censoring_inside_flat","quantile_upper",3,NA
"censoring_inside_flat","rmean",1,3.75
"censoring_inside_flat","rmean_se",1,0.772801541291309
"risk_set_consumed_at_tau","km_time",1,1
"risk_set_consumed_at_tau","km_time",2,2
"risk_set_consumed_at_tau","km_time",3,3
"risk_set_consumed_at_tau","km_surv",1,0.75
"risk_set_consumed_at_tau","km_surv",2,0.5
"risk_set_consumed_at_tau","km_surv",3,0
"risk_set_consumed_at_tau","km_lower",1,0.127946917595146
"risk_set_consumed_at_tau","km_lower",2,0.0578470829951446
"risk_set_consumed_at_tau","km_lower",3,NA
"risk_set_consumed_at_tau","km_upper",1,0.960548642285078
"risk_set_consumed_at_tau","km_upper",2,0.844861281190374
"risk_set_consumed_at_tau","km_upper",3,NA
"risk_set_consumed_at_tau","na_cumhaz",1,0.25
"risk_set_consumed_at_tau","na_cumhaz",2,0.583333333333333
"risk_set_consumed_at_tau","na_cumhaz",3,1.58333333333333
"risk_set_consumed_at_tau","na_std",1,0.25
"risk_set_consumed_at_tau","na_std",2,0.416666666666667
"risk_set_consumed_at_tau","na_std",3,0.820738150149675
"risk_set_consumed_at_tau","quantile_p",1,0.25
"risk_set_consumed_at_tau","quantile_p",2,0.5
"risk_set_consumed_at_tau","quantile_p",3,0.75
"risk_set_consumed_at_tau","quantile",1,1.5
"risk_set_consumed_at_tau","quantile",2,2.5
"risk_set_consumed_at_tau","quantile",3,3
"risk_set_consumed_at_tau","quantile_lower",1,1
"risk_set_consumed_at_tau","quantile_lower",2,1
"risk_set_consumed_at_tau","quantile_lower",3,1
"risk_set_consumed_at_tau","quantile_upper",1,NA
"risk_set_consumed_at_tau","quantile_upper",2,NA
"risk_set_consumed_at_tau","quantile_upper",3,NA
"risk_set_consumed_at_tau","rmean",1,2.25
"risk_set_consumed_at_tau","rmean_se",1,0.414578098794425
"risk_set_consumed_before_tau","km_time",1,1
"risk_set_consumed_before_tau","km_time",2,2
"risk_set_consumed_before_tau","km_time",3,3
"risk_set_consumed_before_tau","km_surv",1,0.75
"risk_set_consumed_before_tau","km_surv",2,0.5
"risk_set_consumed_before_tau","km_surv",3,0
"risk_set_consumed_before_tau","km_lower",1,0.127946917595146
"risk_set_consumed_before_tau","km_lower",2,0.0578470829951446
"risk_set_consumed_before_tau","km_lower",3,NA
"risk_set_consumed_before_tau","km_upper",1,0.960548642285078
"risk_set_consumed_before_tau","km_upper",2,0.844861281190374
"risk_set_consumed_before_tau","km_upper",3,NA
"risk_set_consumed_before_tau","na_cumhaz",1,0.25
"risk_set_consumed_before_tau","na_cumhaz",2,0.583333333333333
"risk_set_consumed_before_tau","na_cumhaz",3,1.58333333333333
"risk_set_consumed_before_tau","na_std",1,0.25
"risk_set_consumed_before_tau","na_std",2,0.416666666666667
"risk_set_consumed_before_tau","na_std",3,0.820738150149675
"risk_set_consumed_before_tau","quantile_p",1,0.25
"risk_set_consumed_before_tau","quantile_p",2,0.5
"risk_set_consumed_before_tau","quantile_p",3,0.75
"risk_set_consumed_before_tau","quantile",1,1.5
"risk_set_consumed_before_tau","quantile",2,2.5
"risk_set_consumed_before_tau","quantile",3,3
"risk_set_consumed_before_tau","quantile_lower",1,1
"risk_set_consumed_before_tau","quantile_lower",2,1
"risk_set_consumed_before_tau","quantile_lower",3,1
"risk_set_consumed_before_tau","quantile_upper",1,NA
"risk_set_consumed_before_tau","quantile_upper",2,NA
"risk_set_consumed_before_tau","quantile_upper",3,NA
"risk_set_consumed_before_tau","rmean",1,2.25
"risk_set_consumed_before_tau","rmean_se",1,0.414578098794425
"tau_past_follow_up","km_time",1,1
"tau_past_follow_up","km_surv",1,0.5
"tau_past_follow_up","km_lower",1,0.00598308763914576
"tau_past_follow_up","km_upper",1,0.910410084836737
"tau_past_follow_up","na_cumhaz",1,0.5
"tau_past_follow_up","na_std",1,0.5
"tau_past_follow_up","quantile_p",1,0.25
"tau_past_follow_up","quantile_p",2,0.5
"tau_past_follow_up","quantile_p",3,0.75
"tau_past_follow_up","quantile",1,1
"tau_past_follow_up","quantile",2,1.5
"tau_past_follow_up","quantile",3,NA
"tau_past_follow_up","quantile_lower",1,1
"tau_past_follow_up","quantile_lower",2,1
"tau_past_follow_up","quantile_lower",3,1
"tau_past_follow_up","quantile_upper",1,NA
"tau_past_follow_up","quantile_upper",2,NA
"tau_past_follow_up","quantile_upper",3,NA
"tau_past_follow_up","rmean",1,50.5
"tau_past_follow_up","rmean_se",1,35.0017856687341
"age_zero","km_time",1,0
"age_zero","km_time",2,1
"age_zero","km_time",3,2
"age_zero","km_time",4,5
"age_zero","km_surv",1,0.833333333333333
"age_zero","km_surv",2,0.625
"age_zero","km_surv",3,0.416666666666667
"age_zero","km_surv",4,0
"age_zero","km_lower",1,0.273122849928356
"age_zero","km_lower",2,0.141853389931655
"age_zero","km_lower",3,0.0559918648520529
"age_zero","km_lower",4,NA
"age_zero","km_upper",1,0.974712426690894
"age_zero","km_upper",2,0.893050604498578
"age_zero","km_upper",3,0.76652221955058
"age_zero","km_upper",4,NA
"age_zero","na_cumhaz",1,0.166666666666667
"age_zero","na_cumhaz",2,0.416666666666667
"age_zero","na_cumhaz",3,0.75
"age_zero","na_cumhaz",4,1.75
"age_zero","na_std",1,0.166666666666667
"age_zero","na_std",2,0.300462606288666
"age_zero","na_std",3,0.448763733927875
"age_zero","na_std",4,1.09607886983049
"age_zero","quantile_p",1,0.25
"age_zero","quantile_p",2,0.5
"age_zero","quantile_p",3,0.75
"age_zero","quantile",1,1
"age_zero","quantile",2,2
"age_zero","quantile",3,5
"age_zero","quantile_lower",1,0
"age_zero","quantile_lower",2,0
"age_zero","quantile_lower",3,1
"age_zero","quantile_upper",1,NA
"age_zero","quantile_upper",2,NA
"age_zero","quantile_upper",3,NA
"age_zero","rmean",1,2.29166666666667
"age_zero","rmean_se",1,0.684124711123908
"mixed_forty","km_time",1,0.1
"mixed_forty","km_time",2,0.4
"mixed_forty","km_time",3,0.8
"mixed_forty","km_time",4,0.9
"mixed_forty","km_time",5,1.4
"mixed_forty","km_time",6,2
"mixed_forty","km_time",7,2.3
"mixed_forty","km_time",8,2.7
"mixed_forty","km_time",9,2.8
"mixed_forty","km_time",10,3.3
"mixed_forty","km_time",11,3.6
"mixed_forty","km_time",12,3.8
"mixed_forty","km_time",13,7.6
"mixed_forty","km_time",14,7.8
"mixed_forty","km_time",15,9.2
"mixed_forty","km_time",16,9.6
"mixed_forty","km_time",17,10
"mixed_forty","km_time",18,11.4
"mixed_forty","km_time",19,12.7
"mixed_forty","km_time",20,13.8
"mixed_forty","km_time",21,14.2
"mixed_forty","km_time",22,20.2
"mixed_forty","km_time",23,20.4
"mixed_forty","km_time",24,21
"mixed_forty","km_time",25,21.3
"mixed_forty","km_time",26,25.2
"mixed_forty","km_time",27,28.8
"mixed_forty","km_time",28,29.8
"mixed_forty","km_time",29,34.1
"mixed_forty","km_time",30,37.2
"mixed_forty","km_time",31,48.8
"mixed_forty","km_time",32,52.3
"mixed_forty","km_surv",1,0.975
"mixed_forty","km_surv",2,0.95
"mixed_forty","km_surv",3,0.925
"mixed_forty","km_surv",4,0.9
"mixed_forty","km_surv",5,0.874285714285714
"mixed_forty","km_surv",6,0.848571428571429
"mixed_forty","km_surv",7,0.822857142857143
"mixed_forty","km_surv",8,0.745714285714286
"mixed_forty","km_surv",9,0.72
"mixed_forty","km_surv",10,0.694285714285714
"mixed_forty","km_surv",11,0.642857142857143
"mixed_forty","km_surv",12,0.617142857142857
"mixed_forty","km_surv",13,0.589090909090909
"mixed_forty","km_surv",14,0.561038961038961
"mixed_forty","km_surv",15,0.53151059466849
"mixed_forty","km_surv",16,0.501982228298018
"mixed_forty","km_surv",17,0.472453861927546
"mixed_forty","km_surv",18,0.442925495557075
"mixed_forty","km_surv",19,0.413397129186603
"mixed_forty","km_surv",20,0.383868762816131
"mixed_forty","km_surv",21,0.35434039644566
"mixed_forty","km_surv",22,0.322127633132418
"mixed_forty","km_surv",23,0.289914869819176
"mixed_forty","km_surv",24,0.257702106505934
"mixed_forty","km_surv",25,0.225489343192693
"mixed_forty","km_surv",26,0.193276579879451
"mixed_forty","km_surv",27,0.161063816566209
"mixed_forty","km_surv",28,0.128851053252967
"mixed_forty","km_surv",29,0.0966382899397254
"mixed_forty","km_surv",30,0.0644255266264836
"mixed_forty","km_surv",31,0.0322127633132418
"mixed_forty","km_surv",32,0
"mixed_forty","km_lower",1,0.835485459111506
"mixed_forty","km_lower",2,0.814546120144527
"mixed_forty","km_lower",3,0.785217563957452
"mixed_forty","km_lower",4,0.755141054497997
"mixed_forty","km_lower",5,0.723902956675357
"mixed_forty","km_lower",6,0.693500745511466
"mixed_forty","km_lower",7,0.663853794331112
"mixed_forty","km_lower",8,0.57874664685182
"mixed_forty","km_lower",9,0.55148097610751
"mixed_forty","km_lower",10,0.524703904899285
"mixed_forty","km_lower",11,0.472513519165108
"mixed_forty","km_lower",12,0.447062044110336
"mixed_forty","km_lower",13,0.418856163101854
"mixed_forty","km_lower",14,0.391286835314735
"mixed_forty","km_lower",15,0.362372175969746
"mixed_forty","km_lower",16,0.334202922650106
"mixed_forty","km_lower",17,0.30674850008818
"mixed_forty","km_lower",18,0.279990270192047
"mixed_forty","km_lower",19,0.253920028874083
"mixed_forty","km_lower",20,0.228539285625876
"mixed_forty","km_lower",21,0.203859214147125
"mixed_forty","km_lower",22,0.176938248699001
"mixed_forty","km_lower",23,0.151127923322876
"mixed_forty","km_lower",24,0.126474331033551
"mixed_forty","km_lower",25,0.103054682917496
"mixed_forty","km_lower",26,0.0809872561395436
"mixed_forty","km_lower",27,0.0604492290089094
"mixed_forty","km_lower",28,0.04170974696211
"mixed_forty","km_lower",29,0.025195933160091
"mixed_forty","km_lower",30,0.0116402928234089
"mixed_forty","km_lower",31,0.00245759817840559
"mixed_forty","km_lower",32,NA
"mixed_forty","km_upper",1,0.99644018301373
"mixed_forty","km_upper",2,0.987255523860308
"mixed_forty","km_upper",3,0.975176243599929
"mixed_forty","km_upper",4,0.961245191640206
"mixed_forty","km_upper",5,0.945668158632338
"mixed_forty","km_upper",6,0.928981924054073
"mixed_forty","km_upper",7,0.91138732149782
"mixed_forty","km_upper",8,0.854345872684746
"mixed_forty","km_upper",9,0.83416460010794
"mixed_forty","km_upper",10,0.813482838422683
"mixed_forty","km_upper",11,0.7707461197798
"mixed_forty","km_upper",12,0.748738840314079
"mixed_forty","km_upper",13,0.724854260897436
"mixed_forty","km_upper",14,0.700469983378139
"mixed_forty","km_upper",15,0.674671853355557
"mixed_forty","km_upper",16,0.648316361597227
"mixed_forty","km_upper",17,0.621410325683247
"mixed_forty","km_upper",18,0.593954909073913
"mixed_forty","km_upper",19,0.565945713127018
"mixed_forty","km_upper",20,0.537372565063432
"mixed_forty","km_upper",21,0.508218982313751
"mixed_forty","km_upper",22,0.476671602992473
"mixed_forty","km_upper",23,0.444279145742488
"mixed_forty","km_upper",24,0.410986377764535
"mixed_forty","km_upper",25,0.376715521594831
"mixed_forty","km_upper",26,0.341357995279725
"mixed_forty","km_upper",27,0.304760803148598
"mixed_forty","km_upper",28,0.266703770354628
"mixed_forty","km_upper",29,0.226862650840806
"mixed_forty","km_upper",30,0.18477403174625
"mixed_forty","km_upper",31,0.140270690716771
"mixed_forty","km_upper",32,NA
"mixed_forty","na_cumhaz",1,0.025
"mixed_forty","na_cumhaz",2,0.0506410256410256
"mixed_forty","na_cumhaz",3,0.0769568151147099
"mixed_forty","na_cumhaz",4,0.103983842141737
"mixed_forty","na_cumhaz",5,0.132555270713165
"mixed_forty","na_cumhaz",6,0.161967035419048
"mixed_forty","na_cumhaz",7,0.192270065722078
"mixed_forty","na_cumhaz",8,0.286020065722078
"mixed_forty","na_cumhaz",9,0.320502824342768
"mixed_forty","na_cumhaz",10,0.356217110057053
"mixed_forty","na_cumhaz",11,0.430291184131128
"mixed_forty","na_cumhaz",12,0.470291184131128
"mixed_forty","na_cumhaz",13,0.515745729585673
"mixed_forty","na_cumhaz",14,0.563364777204721
"mixed_forty","na_cumhaz",15,0.615996356152089
"mixed_forty","na_cumhaz",16,0.671551911707644
"mixed_forty","na_cumhaz",17,0.730375441119409
"mixed_forty","na_cumhaz",18,0.792875441119409
"mixed_forty","na_cumhaz",19,0.859542107786076
"mixed_forty","na_cumhaz",20,0.930970679214647
"mixed_forty","na_cumhaz",21,1.00789375613772
"mixed_forty","na_cumhaz",22,1.09880284704681
"mixed_forty","na_cumhaz",23,1.19880284704682
"mixed_forty","na_cumhaz",24,1.30991395815793
"mixed_forty","na_cumhaz",25,1.43491395815793
"mixed_forty","na_cumhaz",26,1.57777110101507
"mixed_forty","na_cumhaz",27,1.74443776768174
"mixed_forty","na_cumhaz",28,1.94443776768174
"mixed_forty","na_cumhaz",29,2.19443776768174
"mixed_forty","na_cumhaz",30,2.52777110101507
"mixed_forty","na_cumhaz",31,3.02777110101507
"mixed_forty","na_cumhaz",32,4.02777110101507
"mixed_forty","na_std",1,0.025
"mixed_forty","na_std",2,0.0358114813422139
"mixed_forty","na_std",3,0.0444407805011006
"mixed_forty","na_std",4,0.0520138747015318
"mixed_forty","na_std",5,0.059344500099663
"mixed_forty","na_std",6,0.0662330853516057
"mixed_forty","na_std",7,0.0728360847433431
"mixed_forty","na_std",8,0.0907457037040292
"mixed_forty","na_std",9,0.0970764821304944
"mixed_forty","na_std",10,0.103437679725107
"mixed_forty","na_std",11,0.115943252550028
"mixed_forty","na_std",12,0.122649247090553
"mixed_forty","na_std",13,0.130801198443894
"mixed_forty","na_std",14,0.139199594864727
"mixed_forty","na_std",15,0.148817372349458
"mixed_forty","na_std",16,0.158849079525452
"mixed_forty","na_std",17,0.169390783924452
"mixed_forty","na_std",18,0.180553282104038
"mixed_forty","na_std",19,0.19246800285498
"mixed_forty","na_std",20,0.205294843917988
"mixed_forty","na_std",21,0.219233055679623
"mixed_forty","na_std",22,0.237334353839772
"mixed_forty","na_std",23,0.257541444261972
"mixed_forty","na_std",24,0.280487565722418
"mixed_forty","na_std",25,0.307080241182802
"mixed_forty","na_std",26,0.338683388713108
"mixed_forty","na_std",27,0.37747081419359
"mixed_forty","na_std",28,0.427181712586075
"mixed_forty","na_std",29,0.494958801889583
"mixed_forty","na_std",30,0.596737234198674
"mixed_forty","na_std",31,0.77852124356313
"mixed_forty","na_std",32,1.26731816316152
"mixed_forty","quantile_p",1,0.25
"mixed_forty","quantile_p",2,0.5
"mixed_forty","quantile_p",3,0.75
"mixed_forty","quantile",1,2.7
"mixed_forty","quantile",2,10
"mixed_forty","quantile",3,21.3
"mixed_forty","quantile_lower",1,1.4
"mixed_forty","quantile_lower",2,3.6
"mixed_forty","quantile_lower",3,13.8
"mixed_forty","quantile_upper",1,3.8
"mixed_forty","quantile_upper",2,20.2
"mixed_forty","quantile_upper",3,34.1
"mixed_forty","rmean",1,10.7572241968558
"mixed_forty","rmean_se",1,1.25926633919788
"tb_mixed","tb_time",1,2
"tb_mixed","tb_time",2,2.5
"tb_mixed","tb_time",3,3
"tb_mixed","tb_time",4,3.5
"tb_mixed","tb_time",5,6
"tb_mixed","tb_mass",1,0.496999304806791
"tb_mixed","tb_mass",2,0.00903953232432103
"tb_mixed","tb_mass",3,0
"tb_mixed","tb_mass",4,0.242423598279712
"tb_mixed","tb_mass",5,0.251537564589176
"tb_read_grid","tb_time",1,1.5
"tb_read_grid","tb_time",2,2
"tb_read_grid","tb_time",3,2.5
"tb_read_grid","tb_time",4,3.5
"tb_read_grid","tb_time",5,4.5
"tb_read_grid","tb_time",6,5.5
"tb_read_grid","tb_time",7,6
"tb_read_grid","tb_time",8,6.5
"tb_read_grid","tb_mass",1,0.166979276714579
"tb_read_grid","tb_mass",2,0
"tb_read_grid","tb_mass",3,0.331704839263314
"tb_read_grid","tb_mass",4,0.085782263688158
"tb_read_grid","tb_mass",5,0.164220267515745
"tb_read_grid","tb_mass",6,0.0439260460817711
"tb_read_grid","tb_mass",7,0
"tb_read_grid","tb_mass",8,0.207387306736433
"tb_disjoint","tb_time",1,0.5
"tb_disjoint","tb_time",2,3.5
"tb_disjoint","tb_time",3,8
"tb_disjoint","tb_mass",1,0.333333333333333
"tb_disjoint","tb_mass",2,0.5
"tb_disjoint","tb_mass",3,0.166666666666667
