"case","i","age","event","tau"
"ties_and_censoring",1,1,1,8
"ties_and_censoring",2,2,1,8
"ties_and_censoring",3,2,0,8
"ties_and_censoring",4,3,1,8
"ties_and_censoring",5,4,1,8
"ties_and_censoring",6,4,0,8
"ties_and_censoring",7,5,1,8
"ties_and_censoring",8,6,0,8
"ties_and_censoring",9,7,1,8
"ties_and_censoring",10,8,0,8
"flat_at_every_quartile",1,10,1,40
"flat_at_every_quartile",2,20,1,40
"flat_at_every_quartile",3,30,1,40
"flat_at_every_quartile",4,40,1,40
"flat_to_censored_end",1,10,1,40
"flat_to_censored_end",2,20,1,40
"flat_to_censored_end",3,30,0,40
"flat_to_censored_end",4,40,0,40
"censoring_inside_flat",1,1,1,6
"censoring_inside_flat",2,2,1,6
"censoring_inside_flat",3,3,1,6
"censoring_inside_flat",4,4,0,6
"censoring_inside_flat",5,5,1,6
"censoring_inside_flat",6,6,1,6
"risk_set_consumed_at_tau",1,1,1,3
"risk_set_consumed_at_tau",2,2,1,3
"risk_set_consumed_at_tau",3,3,1,3
"risk_set_consumed_at_tau",4,3,1,3
"risk_set_consumed_before_tau",1,1,1,5
"risk_set_consumed_before_tau",2,2,1,5
"risk_set_consumed_before_tau",3,3,1,5
"risk_set_consumed_before_tau",4,3,1,5
"tau_past_follow_up",1,1,1,100
"tau_past_follow_up",2,2,0,100
"age_zero",1,0,1,4
"age_zero",2,0,0,4
"age_zero",3,1,1,4
"age_zero",4,2,1,4
"age_zero",5,3,0,4
"age_zero",6,5,1,4
"mixed_forty",1,2.3,1,20
"mixed_forty",2,14.2,1,20
"mixed_forty",3,28.8,1,20
"mixed_forty",4,20.2,1,20
"mixed_forty",5,10,1,20
"mixed_forty",6,2.8,1,20
"mixed_forty",7,2.7,1,20
"mixed_forty",8,1.4,1,20
"mixed_forty",9,21.3,1,20
"mixed_forty",10,2,1,20
"mixed_forty",11,3.6,1,20
"mixed_forty",12,7.5,0,20
"mixed_forty",13,13.8,1,20
"mixed_forty",14,37.2,1,20
"mixed_forty",15,3.3,1,20
"mixed_forty",16,0.9,1,20
"mixed_forty",17,9.2,1,20
"mixed_forty",18,3.6,1,20
"mixed_forty",19,9.6,1,20
"mixed_forty",20,8,0,20
"mixed_forty",21,2.7,1,20
"mixed_forty",22,16.3,0,20
"mixed_forty",23,20.4,1,20
"mixed_forty",24,52.3,1,20
"mixed_forty",25,1.2,0,20
"mixed_forty",26,3.8,1,20
"mixed_forty",27,7.6,1,20
"mixed_forty",28,0.8,1,20
"mixed_forty",29,2.7,1,20
"mixed_forty",30,7.8,1,20
"mixed_forty",31,29.8,1,20
"mixed_forty",32,12.7,1,20
"mixed_forty",33,5.7,0,20
"mixed_forty",34,0.1,1,20
"mixed_forty",35,0.4,1,20
"mixed_forty",36,48.8,1,20
"mixed_forty",37,25.2,1,20
"mixed_forty",38,34.1,1,20
"mixed_forty",39,11.4,1,20
"mixed_forty",40,21,1,20
